{"cameraMode":{"drawMode":0,"name":"Shaded","section":"Shading Mode"},"sceneLighting":true,"audioPlay":false,"sceneViewState":{"showFog":true,"showMaterialUpdate":false,"showSkybox":true,"showFlares":true,"showImageEffects":true,"showParticleSystems":true,"showVisualEffectGraphs":true,"m_FxEnabled":true},"in2DMode":false,"pivot":{"x":-29.398338317871095,"y":-14.567647933959961,"z":14.689209938049317},"rotation":{"x":0.17889271676540376,"y":-0.4709714651107788,"z":0.09816993772983551,"w":0.8582307696342468},"size":28.189937591552736,"orthographic":false}